,movieId,title_cast,director,runtime,budget,plot_keywords
0,1,Tom Hanks|Tim Allen|Don Rickles|Jim Varney|Wallace Shawn|John Ratzenberger|Annie Potts|John Morris|Erik von Detten|Laurie Metcalf|R. Lee Ermey|Sarah Freeman|Penn Jillette|Jack Angel|Spencer Aste,John Lasseter,81.0,"$30,000,000",toy|rivalry|cowboy|cgi animation
1,2,Robin Williams|Jonathan Hyde|Kirsten Dunst|Bradley Pierce|Bonnie Hunt|Bebe Neuwirth|David Alan Grier|Patricia Clarkson|Adam Hann-Byrd|Laura Bell Bundy|James Handy|Gillian Barber|Brandon Obray|Cyrus Thiedeke|Gary Joseph Thorup,Jonathan Hensleigh,104.0,"$65,000,000",board game|adventurer|fight|game
2,3,Walter Matthau|Jack Lemmon|Sophia Loren|Ann-Margret|Burgess Meredith|Daryl Hannah|Kevin Pollak|Katie Sagona|Ann Morgan Guilbert|James Andelin|Marcus Klemp|Max Wright|Cheryl Hawker|Wayne A. Evenson|Allison Levine,Mark Steven Johnson,101.0,"$25,000,000",boat|lake|neighbor|rivalry
3,4,Whitney Houston|Angela Bassett|Loretta Devine|Lela Rochon|Gregory Hines|Dennis Haysbert|Mykelti Williamson|Michael Beach|Leon|Wendell Pierce|Donald Faison|Jeffrey D. Sams|Jazz Raycole|Brandon Hammond|Kenya Moore,Terry McMillan,124.0,"$16,000,000",black american|husband wife relationship|betrayal|mother son relationship
4,5,Steve Martin|Diane Keaton|Martin Short|Kimberly Williams-Paisley|George Newbern|Kieran Culkin|BD Wong|Peter Michael Goetz|Kate McGregor-Stewart|Jane Adams|Eugene Levy|Rebecca Chambers|April Ortiz|Dulcy Rogers|Kathy Anthony,Albert Hackett,106.0,"$30,000,000",fatherhood|doberman|dog|mansion
5,6,Al Pacino|Robert De Niro|Val Kilmer|Jon Voight|Tom Sizemore|Diane Venora|Amy Brenneman|Ashley Judd|Mykelti Williamson|Wes Studi|Ted Levine|Dennis Haysbert|William Fichtner|Natalie Portman|Tom Noonan,Michael Mann,170.0,"$60,000,000",gun battle|organized crime|honor|criminal investigation
6,7,Harrison Ford|Julia Ormond|Greg Kinnear|Nancy Marchand|John Wood|Richard Crenna|Angie Dickinson|Lauren Holly|Dana Ivey|Miriam Colon|Elizabeth Franz|Fanny Ardant|Valérie Lemercier|Patrick Bruel|Becky Ann Baker,Samuel A. Taylor,127.0,"$58,000,000",character name as title|chauffeur|estate|playboy
7,8,Jonathan Taylor Thomas|Brad Renfro|Eric Schweig|Charles Rocket|Amy Wright|Michael McShane|Marian Seldes|Rachael Leigh Cook|Lanny Flaherty|Courtland Mead|Peter Mackenzie|Heath Lamberts|William Newman|Joey Stinson|Blake Heron,Mark Twain,97.0,,rescue from drowning|near drowning|character names as title|forenames as title
8,9,Jean-Claude Van Damme|Powers Boothe|Raymond J. Barry|Whittni Wright|Ross Malinger|Dorian Harewood|Kate McNeil|Michael Gaston|Audra Lindley|Brian Delate|Steve Aronson|Michael R. Aubele|Karen Elise Baldwin|Jennifer D. Bowser|Pat Brisson,Karen Elise Baldwin,111.0,"$35,000,000",hockey|death in title|two word title|terrorist
9,10,Pierce Brosnan|Sean Bean|Izabella Scorupco|Famke Janssen|Joe Don Baker|Judi Dench|Robbie Coltrane|Tchéky Karyo|Gottfried John|Alan Cumming|Desmond Llewelyn|Samantha Bond|Michael Kitchen|Serena Gordon|Simon Kunz,Ian Fleming,130.0,"$60,000,000",official james bond series|james bond character|007|chemical weapons
10,11,Michael Douglas|Annette Bening|Martin Sheen|Michael J. Fox|Anna Deavere Smith|Samantha Mathis|Shawna Waldron|David Paymer|Anne Haney|Richard Dreyfuss|Nina Siemaszko|Wendie Malick|Beau Billingslea|Gail Strickland|Joshua Malina,Aaron Sorkin,114.0,"$62,000,000",reference to franklin d. roosevelt|reference to martin van buren|president|speechwriter
11,12,Leslie Nielsen|Peter MacNicol|Steven Weber|Amy Yasbeck|Lysette Anthony|Harvey Korman|Mel Brooks|Mark Blankfield|Megan Cavanagh|Clive Revill|Chuck McCann|Avery Schreiber|Cherie Franklin|Ezio Greggio|Leslie S. Sachs,Mel Brooks,88.0,"$30,000,000",dracula|vampire|19th century|insane asylum
12,13,Kevin Bacon|Bob Hoskins|Bridget Fonda|Jim Cummings|Phil Collins|Jack Angel|Danny Mann|Robbie Rist|Juliette Brewer|Sandra Dickinson|Miriam Margolyes|Lola Bates-Campbell|Donald Sinden|William Roberts|Garrick Hagon,Cliff Ruby,78.0,,dog|nome alaska|alaska|children
13,14,Anthony Hopkins|Joan Allen|Powers Boothe|Ed Harris|Bob Hoskins|E.G. Marshall|David Paymer|David Hyde Pierce|Paul Sorvino|Mary Steenburgen|J.T. Walsh|James Woods|Brian Bedford|Kevin Dunn|Fyvush Finkel,Oliver Stone,192.0,"$44,000,000",american president|american politics|paranoia|u.s. president
14,15,Geena Davis|Matthew Modine|Frank Langella|Maury Chaykin|Patrick Malahide|Stan Shaw|Rex Linn|Paul Dillon|Christopher Masterson|Jimmie F. Skaggs|Harris Yulin|Carl Chase|Peter Geeves|Angus Wright|Ken Bones,Michael Frost Beckner,124.0,"$98,000,000",treasure|pirate|treasure map|pirate ship
15,16,Robert De Niro|Sharon Stone|Joe Pesci|James Woods|Don Rickles|Alan King|Kevin Pollak|L.Q. Jones|Dick Smothers|Frank Vincent|John Bloom|Pasquale Cajano|Melissa Prophet|Bill Allison|Vinny Vella,Nicholas Pileggi,178.0,"$52,000,000",crime epic|casino|gambling|gangster
16,17,James Fleet|Tom Wilkinson|Harriet Walter|Kate Winslet|Emma Thompson|Gemma Jones|Hugh Grant|Emilie François|Elizabeth Spriggs|Robert Hardy|Ian Brimble|Isabelle Amyes|Alan Rickman|Greg Wise|Alexander John,Jane Austen,136.0,"$16,000,000",england|19th century|based on novel|black hair
17,18,Sammi Davis|Amanda De Cadenet|Valeria Golino|Madonna|Ione Skye|Lili Taylor|Alicia Witt|Jennifer Beals|David Proval|Antonio Banderas|Lana McKissack|Patricia Vonne|Tamlyn Tomita|Danny Verduzco|Salma Hayek,Alexandre Rockwell,98.0,"$4,000,000",woman|gagged woman|tied to a chair|weapon
18,19,Jim Carrey|Ian McNeice|Simon Callow|Maynard Eziashi|Bob Gunton|Sophie Okonedo|Tommy Davidson|Adewale Akinnuoye-Agbaje|Danny Daniels|Sam Phillips|Damon Standifer|Andrew Steel|Bruce Spence|Tom Grunke|Arsenio 'Sonny' Trinidad,Jack Bernstein,90.0,"$30,000,000",male objectification|kidnapping|caught masturbating|fictional country
19,20,Wesley Snipes|Woody Harrelson|Jennifer Lopez|Robert Blake|Chris Cooper|Joe Grifasi|Scott Sowers|Skipp Sudduth|Vincent Laresca|Nelson Vasquez|Vincent Patrick|Aida Turturro|Alvaleta Guess|Vincent Pastore|David Tawil,Doug Richardson,110.0,"$68,000,000",train|subway|loan shark|new year's eve
20,21,John Travolta|Gene Hackman|Rene Russo|Danny DeVito|Dennis Farina|Delroy Lindo|James Gandolfini|Jon Gries|Renee Props|David Paymer|Martin Ferrero|Miguel Sandoval|Jacob Vargas|Linda Hart|Bobby Slayton,Elmore Leonard,105.0,"$30,250,000",movie business|loan shark|debt|mobster
21,22,Sigourney Weaver|Holly Hunter|Dermot Mulroney|William McNamara|Harry Connick Jr.|J.E. Freeman|Will Patton|John Rothman|Shannon O'Hurley|Bob Greene|Tony Haney|Danny Kovacs|Tahmus Rounds|Scott DeVenney|David Michael Silverman,Ann Biderman,123.0,"$20,000,000",serial killer|psychopath|dead body in a bathtub|detective
22,23,Sylvester Stallone|Antonio Banderas|Julianne Moore|Anatoli Davydov|Muse Watson|Steve Kahan|Kelly Rowan|Reed Diamond|Kai Wulff|Kerry Skalsky|James Douglas Haskins|Stephen Liska|John Harms|Edward J. Rosen|Christina Orchid,Lilly Wachowski,132.0,"$50,000,000",assassin|rival|assassination|computer hacker
23,24,Mary Steenburgen|Sean Patrick Flanery|Lance Henriksen|Jeff Goldblum|Brandon Smith|Bradford Tatum|Susan Tyrrell|Missy Crider|Ray Wise|Esteban Powell|Reed Frerichs|Chad Cox|Joe Marchman|Philip Maurice Hayes|Danette McMahon,Victor Salva,111.0,"$9,500,000",albino|electricity|loneliness|bully
24,25,Nicolas Cage|Elisabeth Shue|Julian Sands|Richard Lewis|Steven Weber|Kim Adams|Emily Procter|Stuart Regen|Valeria Golino|Graham Beckel|Albert Henderson|Shashi Bhatia|Carey Lowell|Anne Lange|Thomas Kopache,John O'Brien,111.0,"$3,600,000",prostitute|alcoholism|alcoholic|falling in love with a prostitute
25,26,Laurence Fishburne|Irène Jacob|Kenneth Branagh|Nathaniel Parker|Michael Maloney|Anna Patrick|Nicholas Farrell|Indra Ové|Michael Sheen|André Oumansky|Philip Locke|John Savident|Gabriele Ferzetti|Pierre Vaneck,Oliver Parker,123.0,"$11,000,000",italy|black man white woman marriage|black man white woman sex|black man white woman kiss
26,27,Christina Ricci|Rosie O'Donnell|Thora Birch|Melanie Griffith|Gaby Hoffmann|Demi Moore|Ashleigh Aston Moore|Rita Wilson|Devon Sawa|Walter Sparrow|Cloris Leachman|Lolita Davidovich|Janeane Garofalo|Hank Azaria|Bonnie Hunt,I. Marlene King,100.0,,1970s|year 1991|1990s|year 1970
27,28,Amanda Root|Ciarán Hinds|Susan Fleetwood|Corin Redgrave|Fiona Shaw|John Woodvine|Phoebe Nicholls|Samuel West|Sophie Thompson|Judy Cornwell|Simon Russell Beale|Felicity Dean|Roger Hammond|Emma Roberts|Victoria Hamilton,Roger Michell,107.0,,captain|accident|napoleonic wars|marriage
28,29,Ron Perlman|Daniel Emilfork|Judith Vittet|Dominique Pinon|Jean-Claude Dreyfus|Geneviève Brunet|Odile Mallet|Mireille Mossé|Serge Merlin|Rufus|Ticky Holgado|Joseph Lucien|Mapi Galán|Briac Barthélémy|Pierre-Quentin Faesch,Jean-Pierre Jeunet,112.0,"$18,000,000",psychotronic film|underwater scene|children|dream
29,30,Li Gong|Baotian Li|Xiaoxiao Wang|Xuejian Li|Chun Sun|Biao Fu|Shu Chen|Jiang Liu|Baoying Jiang|Qianquan Yang|Ying Gao|Weiming Gao|Shuliang Lian|Ya'nan Wang|Zhang Yayun,Feiyu Bi,,,
30,31,Michelle Pfeiffer|George Dzundza|Courtney B. Vance|Robin Bartlett|Beatrice Winde|John Neville|Lorraine Toussaint|Renoly Santiago|Wade Dominguez|Bruklin Harris|Marcello Thedford|Roberto Alvarez|Richard Grant|Marisela Gonzales|Toni Nichelle Buzhardt,LouAnne Johnson,99.0,"$23,000,000",teacher student relationship|ex marine|pregnancy|high school principal
31,32,Joseph Melito|Bruce Willis|Jon Seda|Michael Chance|Vernon Campbell|H. Michael Walls|Bob Adrian|Simon Jones|Carol Florence|Bill Raymond|Ernest Abuba|Irma St. Paule|Madeleine Stowe|Joey Perillo|Bruce Kirkpatrick,Chris Marker,129.0,"$29,000,001",time travel|virus|mental institution|underground
32,33,Craig Sheffer|Tom Hulce|Elizabeth McGovern|Val Kilmer|Ken Pogue|Ron Sauvé|Freddy Andreiuci,Alain Godard,50.0,,airmail|period piece|3 dimensional
33,34,Christine Cavanaugh|Miriam Margolyes|Danny Mann|Hugo Weaving|Miriam Flynn|Russi Taylor|Evelyn Krape|Michael Edward-Stevens|Charles Bartlett|Paul Livingston|Roscoe Lee Browne|James Cromwell|Magda Szubanski|Zoe Burton|Paul Goddard,Dick King-Smith,91.0,"$30,000,000",farmer|pig|sheep|farm
34,35,Emma Thompson|Jonathan Pryce|Steven Waddington|Samuel West|Rufus Sewell|Penelope Wilton|Janet McTeer|Peter Blythe|Jeremy Northam|Alex Kingston|Sebastian Harcombe|Richard Clifford|David Ryall|Stephen Boxer|Annabel Mullion,Christopher Hampton,121.0,,writer|gay|rape|f rated
35,36,Susan Sarandon|Sean Penn|Robert Prosky|Raymond J. Barry|R. Lee Ermey|Celia Weston|Lois Smith|Scott Wilson|Roberta Maxwell|Margo Martindale|Barton Heyman|Steve Boles|Nesbitt Blaisdell|Ray Aranha|Larry Pine,Helen Prejean,122.0,"$11,000,000",nun|solitary confinement|execution|capital punishment
36,37,Peter Reznick|John McDonough|Avi Hoffman|Victor Steinbach|Peter Boyden|Philip Levy|Nick Muglia|Abby Lewis|Matt Malloy|Luigi Petrozza|Bernard Ferstenberg|Robert Buckley|Donald Trump|Patrick Flynn|George Gerard,Stephen Low,51.0,,donald trump|immigrant|11 year old|brooklyn new york city
37,38,Kirstie Alley|Steve Guttenberg|Mary-Kate Olsen|Ashley Olsen|Philip Bosco|Jane Sibbett|Michelle Grisom|Desmond Robertson|Tiny Mills|Shanelle Henry|Anthony Aiello|LaTonya Borsay|Michèle Lonsdale Smith|Sean Orr|Elizabeth Walsh,Deborah Dean Davis,101.0,,mistaken identity|identity swapping|nylon stockings|child plays matchmaker
38,39,Alicia Silverstone|Stacey Dash|Brittany Murphy|Paul Rudd|Donald Faison|Elisa Donovan|Breckin Meyer|Jeremy Sisto|Dan Hedaya|Aida Linares|Wallace Shawn|Twink Caplan|Justin Walker|Sabastian Rashidi|Herb Hall,Amy Heckerling,97.0,"$12,000,000",miniskirt|girl wears a miniskirt|short skirt|virgin
39,40,James Earl Jones|Richard Harris|Vusi Kunene|Charles S. Dutton|Tsholofelo Wechoemang|Dolly Rathebe|Ramolao Makhene|Jack Robinson|Jennifer Steyn|Patrick Ndlovu|Darlington Michaels|King Twala|Somizi Mhlongo|Sam Ngakane|John Whiteley,Ronald Harwood,106.0,,1940s|racial tension|apartheid|south africa
40,41,Christopher Bowen|Edward Jewesbury|Ian McKellen|Bill Paterson|Annette Bening|Matthew Groom|John Wood|Nigel Hawthorne|Maggie Smith|Kate Steavenson-Payne|Robert Downey Jr.|Tres Hanley|Tim McInnerny|Stacey Kent|Jim Carter,Ian McKellen,110.0,"GBP6,000,000",fascist|dog|tank|battle
41,42,Larenz Tate|Keith David|Chris Tucker|Freddy Rodríguez|Rose Jackson|N'Bushe Wright|Alvaleta Guess|James Pickens Jr.|Jenifer Lewis|Clifton Powell|Elizabeth Rodriguez|Terrence Howard|Ryan Williams|Larry McCoy|Rodney Winfield,Allen Hughes,119.0,"$10,000,000",vietnam war|1960s|black panthers|new york city
42,43,Robert Downey Jr.|Sam Neill|David Thewlis|Polly Walker|Meg Ryan|Ian McKellen|Hugh Grant|Ian McDiarmid|Mary MacLeod|Mark Letheren|Sandy McDade|Rosalind Bennett|Willie Ross|David Gant|Benjamin Whitrow,Rose Tremain,117.0,"$19,000,000",17th century|plague|based on novel|king charles ii
43,44,Christopher Lambert|Robin Shou|Linden Ashby|Cary-Hiroyuki Tagawa|Bridgette Wilson-Sampras|Talisa Soto|Trevor Goddard|Chris Casamassa|François Petit|Keith Cooke|Hakim Alston|Kenneth Edwards|John Fujioka|Daniel Haggard|Sandy Helberg,Ed Boon,101.0,"$18,000,000",based on video game|campy|evil man|villain
44,45,Nicole Kidman|Matt Dillon|Joaquin Phoenix|Casey Affleck|Illeana Douglas|Alison Folland|Dan Hedaya|Wayne Knight|Kurtwood Smith|Holland Taylor|Susan Traylor|Maria Tucci|Tim Hopper|Michael Rispoli|Buck Henry,Joyce Maynard,106.0,"$20,000,000",scantily clad female|new hampshire|television|coitus
45,46,Kaelynn Craddick|Sara Craddick|Kate Capshaw|Adam Baldwin|Winona Ryder|Dermot Mulroney|Ellen Burstyn|Anne Bancroft|Maya Angelou|Alfre Woodard|Lois Smith|Jean Simmons|Kate Nelligan|Denis Arndt|Rip Torn,Whitney Otto,117.0,"$10,000,000",younger version of character|triple f rated|title directed by female|love
46,47,Morgan Freeman|Andrew Kevin Walker|Daniel Zacapa|Brad Pitt|Gwyneth Paltrow|John Cassini|Bob Mack|Peter Crombie|Reg E. Cathey|R. Lee Ermey|George Christy|Endre Hules|Hawthorne James|William Davidson|Bob Collins,Andrew Kevin Walker,127.0,"$33,000,000",serial killer|detective|serial murder|seven deadly sins
47,48,Joe Baker|Christian Bale|Irene Bedard|Billy Connolly|James Apaumut Fall|Mel Gibson|Linda Hunt|John Kassir|Judy Kuhn|Danny Mann|Russell Means|David Ogden Stiers|Michelle St. John|Gordon Tootoosis|Frank Welker,Eric Goldberg,81.0,"$55,000,000",unsubtitled foreign language|disobedience|pocahontas character|captain john smith character
48,49,Pascale Bussières|Rachael Crawford|Henry Czerny|David Fox|Don McKellar|Tracy Wright|Clare Coulter|Karyne Steben|Sarah Steben|Jonathan Potts|Tom Melissis|Stuart Clow|Richard W. Farrell|Fides Krucker|Thomas Sokolowski,Patricia Rozema,94.0,,christian|teacher|scissoring|tribadism
49,50,Stephen Baldwin|Gabriel Byrne|Benicio Del Toro|Kevin Pollak|Kevin Spacey|Chazz Palminteri|Pete Postlethwaite|Suzy Amis|Giancarlo Esposito|Dan Hedaya|Paul Bartel|Carl Bressler|Phillipe Simon|Jack Shearer|Christine Estabrook,Christopher McQuarrie,106.0,"$6,000,000",criminal|suspect|criminal mastermind|flashback
50,51,Cynthia Rothrock|Daniel McVicar|Lydie Denier|Marshall R. Teague|Ken McLeod|John O'Leary|Anna Dalva|Robert Miano|Brian Brophy|Matthew Walker|Art Camacho|Dan Doherty|Dale Jacoby|Bela Lehoczky|Richard W. Munchkin,Richard W. Munchkin,97.0,,murder of a police officer|shooting a police officer|police officer|police officer killed
51,52,Pamela Blair|Rene Ceballos|Elie Chaib|George De La Pena|Joanne DiMauro|Denise Faye|Marian Filali|Angelo Fraboni|Scott Fowler|Seth Gertsacov|Patti Karr|Fred Mann III|John Mineo|Christopher Nelson|Valda Setterfield,Woody Allen,95.0,"$15,000,000",new york city|talking about sex|husband wife relationship|hot
52,53,Enrico Lo Verso|Michele Placido|Piro Milkani|Carmelo Di Mazzarelli|Elida Janushi|Sefer Pema|Idajet Sejdia|Marieta Ljarja|Elina Ndreu|Ilir Ara|Liliana Subashi|Artan Marina|Vassjan Lammi|Nikolin Elezi|Fatmir Gjyla,Gianni Amelio,116.0,,albania|one word title|poverty|fraud
53,54,Steve Guttenberg|Olivia d'Abo|Jay O. Sanders|John Terry|Chauncey Leopardi|Patrick Renna|Billy L. Sullivan|Yareli Arizmendi|Bug Hall|Jessica Robertson|Anthony Esquivel|Jordan Brower|Hayley Kolb|Haley Miller|Ashley Welch,Holly Goldberg Sloan,100.0,"$12,000,000",close up of eyes|texas|fast motion|sports team
54,55,Jennifer Jason Leigh|Mare Winningham|Ted Levine|Max Perlich|John Doe|John C. Reilly|Jimmy Witherspoon|Jason Carter|Tom Bower|Smokey Hormel|Jimmy Z.|Tony Marsico|Jamian Briar|Rachel Rasco|Nicole Donahoo,Barbara Turner,115.0,,voyeur|sex in bed|female rear nudity|female frontal nudity
55,56,Johnny Morina|Maggie Castle|Christopher Olscamp|Justin Borntraeger|Billy Coyle|Jeoffrey Graves|Malcolm McDowell|Peter Aykroyd|Mélany Goudreau|James Rae|Jamieson Boulanger|Roc LaFortune|Michael Ironside|René Simard|Melissa Altro,Robert Tinnell,89.0,,sword|magic|11 year old|boy
56,57,Holly Hunter|Robert Downey Jr.|Anne Bancroft|Charles Durning|Dylan McDermott|Geraldine Chaplin|Steve Guttenberg|Cynthia Stevenson|Claire Danes|Emily Ann Lloyd|Zack Duhame|Austin Pendleton|David Strathairn|Amy Yasbeck|James Lecesne,Chris Radant,103.0,"$20,000,000",thanksgiving|gay sibling|female protagonist|dysfunctional family
57,58,Philippe Noiret|Massimo Troisi|Maria Grazia Cucinotta|Renato Scarpa|Linda Moretti|Sergio Solli|Carlo Di Maio|Nando Neri|Vincenzo Di Sauro|Orazio Stracuzzi|Alfredo Cozzolino|Mariano Rigillo|Anna Bonaiuto,Massimo Troisi,108.0,"$3,000,000",postman|poetry|island|poet
58,59,Lothaire Bluteau|Patrick Goyette|Jean-Louis Millette|Kristin Scott Thomas|Ron Burrage|Richard Fréchette|François Papineau|Marie Gignac|Normand Daneau|Anne-Marie Cadieux|Suzanne Clément|Lynda Beaulieu|Pascal Rollin|Billy Merasty|Paul Hébert,Robert Lepage,100.0,,reference to joan of arc|1950s|priest|hitchcockian
59,60,Hal Scardino|Litefoot|Lindsay Crouse|Richard Jenkins|Rishi Bhat|Steve Coogan|David Keith|Sakina Jaffrey|Vincent Kartheiser|Nestor Serrano|Ryan Olson|Leon Tejwani|Lucas Tejwani|Christopher Conte|Cassandra Brown,Lynne Reid Banks,96.0,"$45,000,000",robocop character|five word title|child protagonist|miniature person
60,61,Sally Field|Ed Harris|Olivia Burnette|Alexandra Kyle|Kiefer Sutherland|Joe Mantegna|Beverly D'Angelo|Darrell Larson|Charlayne Woodard|Philip Baker Hall|Keith David|Wanda Acuna|Geoffrey Rivas|Armin Shimerman|Natalija Nogulich,Erika Holzer,101.0,"$20,000,000",pantyhosed leg|rape|vigilante|rape and murder
61,62,Richard Dreyfuss|Glenne Headly|Jay Thomas|Olympia Dukakis|William H. Macy|Alicia Witt|Terrence Howard|Damon Whitaker|Jean Louisa Kelly|Alexandra Boyd|Nicholas John Renner|Joseph Anderson|Anthony Natale|Joanna Gleason|Beth Maitland,Patrick Sheane Duncan,143.0,"$23,000,000",teaching|high school|1990s|deafness
62,63,Shawn Wayans|Marlon Wayans|Tracey Cherelle Jones|Chris Spencer|Suli McCullough|Darrel Heath|Helen Martin|Isaiah Barnes|Lahmard J. Tate|Keenen Ivory Wayans|Keith Morris|Craig Wayans|Casey Lee|Joe Scott|Kim Wayans,South Central,89.0,"$3,800,000",hood|parody|grandmother|cult film
63,64,Denis Leary|Sandra Bullock|Stephen Dillane|Yaphet Kotto|Mike Starr|Jonathan Tucker|Wayne Robson|Michael Badalucco|Lenny Clarke|Jonny Fido|Don Gavin|Shaun Clarke|Markus Parilo|John Friesen|Sean Runnette,Denis Leary,96.0,,painting|island|thief|voyeur
64,65,William Atherton|Denise Dowse|Dara Tomanovich|Kevin West|Kylie Minogue|Pauly Shore|Stephen Baldwin|Joey Lauren Adams|Teresa Hill|Patricia Hearst|Robbie Thibaut Jr.|Adam Weisman|Henry Gibson|Brian Hayes Currie|Courtney Mizel,Adam Leff,88.0,"$15,000,000",bio dome|experiment|biosphere|slapstick comedy
65,66,Patrick Bergin|Matt Frewer|Austin O'Brien|Ely Pouget|Camille Cooper|Patrick LaBrecque|Crystal Celeste Grant|Sean P. Young|Mathew Valencia|Kevin Conway|Trever O'Brien|Richard Fancy|Ellis Williams|Castulo Guerra|Molly Shannon,Farhad Mann,93.0,"$15,000,000",psychotronic film|computer|parking garage|sword
66,67,Jerry Barone|Mary Elizabeth Mastrantonio|Al Pacino|Patrick Borriello|Andy Romano|Donna Mitchell|Mary Lou Rosato|Joe Grifasi|Rosemary De Angelis|Ron McLarty|Charley Scalies|Joanna Merlin|Geoff Pierson|Karen Shallo|Nick Discenza,Joseph Stefano,85.0,,man wears eyeglasses|old man|suicide by hanging|great depression
67,68,Victoria Abril|Josiane Balasko|Alain Chabat|Ticky Holgado|Catherine Hiegel|Catherine Samie|Catherine Lachens|Katrine Boorman|Telsche Boorman|Véronique Barrault|Sylvie Audcoeur|Michèle Bernier|Maureen Diot|Miguel Bosé|Jean-Luc Violet,Patrick Aubrée,104.0,,f rated|lesbian|strong female character|polyamorous relationship
68,69,Ice Cube|Chris Tucker|Nia Long|Tommy 'Tiny' Lister|John Witherspoon|Anna Maria Horsford|Regina King|Paula Jai Parker|Faizon Love|DJ Pooh|Angela Means|Vickilyn Reynolds|Ronn Riser|Kathleen Bradley|Tony Cox,Ice Cube,91.0,"$3,500,000",adult lives at home|hat|drug user|drug
69,70,George Clooney|Quentin Tarantino|Harvey Keitel|Juliette Lewis|Ernest Liu|Salma Hayek|Cheech Marin|Danny Trejo|Tom Savini|Fred Williamson|Michael Parks|Brenda Hillhouse|John Saxon|Marc Lawrence|Kelly Preston,Robert Kurtzman,108.0,"$19,000,000",sex offender|vampire|stripper|rape victim
70,71,William Baldwin|Cindy Crawford|Steven Berkoff|Christopher McDonald|Miguel Sandoval|Johann Carlo|Salma Hayek|John Bedford Lloyd|Olek Krupa|Jenette Goldstein|Marc Macaulay|Sonny Carl Davis|Frank Medrano|Don Yesso|Paul Dillon,Paula Gosling,91.0,"$50,000,000",female lawyer|spy|based on novel|woman in jeopardy
71,72,Josh Hamilton|Samuel Gould|Catherine Kellner|Jonathan Baumbach|John Lehr|Olivia d'Abo|Peter Czernin|Carlos Jacott|Chris Eigeman|Eric Stoltz|Eliza Roberts|Jason Wiles|Parker Posey|Christopher Reed|Noah Baumbach,Noah Baumbach,96.0,,female stockinged legs|pantyhose|slacker|beer drinking
72,73,Jean-Paul Belmondo|Michel Boujenah|Alessandra Martines|Salomé Lelouch|Annie Girardot|Philippe Léotard|Clémentine Célarié|Philippe Khorsand|Ticky Holgado|Rufus|Nicole Croisille|William Leymergie|Jean Marais|Micheline Presle|Darry Cowl,Victor Hugo,175.0,,lawyer|boxer|jewish|paris france
73,74,Christian Slater|Mary Stuart Masterson|Pamela Adlon|Josh Brolin|Brian Tarantina|Debra Monk|Mary Alice|Kenneth Cranham|Ally Walker|Anne Pitoniak|Michael Haley|Cass Morgan|Gina Torres|Nick Tate|Víctor Sierra,Michael Goldenberg,87.0,,florist|flower|widower|rooftop
74,75,Rick Moranis|Tom Arnold|Julianne Phillips|Carol Kane|Jeffrey Tambor|Curtis Armstrong|Faith Prince|Tony Pierce|Don Knotts|Blake Bashoff|Cody McMains|Harry Waters Jr.|Stuart Pankin|Justin Jon Ross|Michael Zwiener,Mark Steven Johnson,90.0,"$15,000,000",close up of eyes|close up of lips|close up of mouth|bully
75,76,Peter Weller|Roy Dupuis|Jennifer Rubin|Andrew Lauer|Charles Edwin Powell|Ron White|Michael Caloz|Liliana Komorowska|Jason Cavalier|Leni Parker|Sylvain Massé|Bruce Boa|Tom Berry|Henry Ramer,Philip K. Dick,108.0,"$20,000,000",stop motion|matte painting|miniature model|shakespearean quotation
76,77,Nico|Tina Aumont|Christian Päffgen|Edith Boulogne|Jackson Browne|John Cale|Danny Fields|Carlos De Maldonado-Bostock|Jonas Mekas|Paul Morrissey|Sterling Morrison|Billy Name|Nikos Papatakis|Lutz Ulbrich|Viva,Susanne Ofteringer,,,f rated|female musician|singer songwriter|interview
77,78,Jack Nicholson|David Morse|Anjelica Huston|Robin Wright|Piper Laurie|Richard Bradford|Priscilla Barnes|David Baerwald|Robbie Robertson|John Savage|Kari Wuhrer|Jennifer Leigh Warren|Kellita Smith|Richard C. Sarafian|Bobby Cooper,Sean Penn,111.0,"$9,000,000",hit and run|obsession|forgiveness|loneliness
78,79,Demi Moore|Alec Baldwin|Joseph Gordon-Levitt|James Gandolfini|Lindsay Crouse|Anne Heche|Tony Lo Bianco|Michael Constantine|Matt Craven|Todd Susman|Michael Rispoli|Julie Halston|Frank Adonis|Matthew Cowles|Polly Adams,George Dawes Green,118.0,"$44,000,000",female frontal nudity|female nudity|ankle holster|ankle
79,80,Aida Mohammadkhani|Mohsen Kafili|Fereshteh Sadre Orafaiy|Anna Borkowska|Mohammad Shahani|Mohammed Bakhtiar|Aliasghar Smadi|Hamidreza Tahery|Asghar Barzegar|Hasan Neamatolahi|Bosnali Bahary|Mohammadreza Baryar|Shaker Hayely|Homayoon Rokani|Mohammad Farakani,Abbas Kiarostami,85.0,"$150,000",money|little girl|shopkeeper|snake charmer
80,81,Andy Garcia|Christopher Lloyd|William Forsythe|Bill Nunn|Treat Williams|Jack Warden|Steve Buscemi|Fairuza Balk|Gabrielle Anwar|Christopher Walken|Michael Nicolosi|Bill Cobbs|Marshall Bell|Glenn Plummer|Don Stark,Scott Rosenberg,115.0,"$7,000,000",debt|contract killer|one last job|gangster
81,82,Willeke van Ammelrooy|Els Dottermans|Dora van der Groen|Veerle van Overloop|Esther Vriesendorp|Carolien Spoor|Thyrza Ravesteijn|Mil Seghers|Jan Decleir|Elsie de Brauw|Reinout Bussemaker|Marina de Graaf|Jan Steen|Catherine ten Bruggencate|Paul Kooij,Marleen Gorris,102.0,"GBP1,500,000",f rated|feminist film|character name as title|one word title
82,83,Al Freeman Jr.|Phylicia Rashad|Leon|Paula Kelly|Salli Richardson-Whitfield|Anna Maria Horsford|Bernie Casey|Isaac Hayes|Ray J|Karen Malina White|Damon Hines|Iona Morris|Phill Lewis|Taj Mahal|Polly Bergen,Clifton L. Taulbert,115.0,,segregation|rural setting|race relations|prejudice
83,84,Victoria Foyt|Viveca Lindfors|Jon Robin Baitz|Savannah Smith Boucher|Roscoe Lee Browne|Andre Gregory|Nick Gregory|Melissa Leo|Roddy McDowall|Martha Plimpton|Ron Rifkin|Diane Salinger|Brooke Smith|Kristoffer Tabori|Holland Taylor,Henry Jaglom,108.0,,f rated|long island|actress|written and directed by cast member
84,85,Mark Rylance|Kristin Scott Thomas|Patsy Kensit|Jeremy Kemp|Douglas Henshall|Annette Badland|Chris Larkin|Anna Massey|Saskia Wickham|Lindsay Thomas|Michelle Sylvester|Clare Lovell|Jenny Lovell|Oona Haas|Angus Hodder,A.S. Byatt,116.0,"$4,997,987",aristocrat|insect|england|bare chested male
85,86,Jeff Bridges|Caroline Goodall|John Savage|Scott Wolf|Jeremy Sisto|Ryan Phillippe|David Lascher|Eric Michael Cole|Jason Marsden|David Selby|Julio Oscar Mechoso|Zeljko Ivanek|Balthazar Getty|Ethan Embry|Jordan Clarke,Charles Gieg Jr.,129.0,"$38,000,000",sail|squall|storm|male bonding
86,87,Jason Alexander|Faye Dunaway|Eric Lloyd|Rupert Everett|Graham Sack|Paul Reubens|Glenn Shadix|Nathan Davis|Jennifer Bassey|Judith Scott|Bruce Beatty|Danny Comden|Steven Gilborn|Lois De Banzie|Natalie Core,John Hopkins,88.0,,brother brother relationship|air duct|hotel owner|concierge
87,88,Chris Farley|David Spade|Tim Matheson|Christine Ebersole|Gary Busey|Grant Heslov|Timothy Carhart|Bruce McGill|Michael Patrick Carter|Boyd Banks|David St. James|Skip O'Brien|Branden Morgan|'Gypsy' Spheeris|John Ashker,Fred Wolf,87.0,,clumsiness|embarrassment|political campaign|slapstick comedy
88,89,Johnny Depp|Courtney Chase|Charles S. Dutton|Christopher Walken|Roma Maffia|Marsha Mason|Peter Strauss|Gloria Reuben|Bill Smitrovich|G.D. Spradlin|Yul Vazquez|Edith Diaz|Armando Ortega|C.J. Bau|Cynthena Sanders,Patrick Sheane Duncan,90.0,"$33,000,000",real time|conservatism|vigilantism|character repeats someone else's dialogue
89,90,Jason Patric|Thandie Newton|Larry Drake|Sam Waterston|Sarah-Jane Wylde|Eric Mabius|Muse Watson|John Doman|Andy Stahl|Danny Nelson|Collin Wilcox Paxton|Dean Rader-Duval|Billy Ray Reynolds|Marlus Harding|Lisa Roberts Gillan,John Duigan,91.0,,slave|freedom|slave owner|law
90,92,Julia Roberts|John Malkovich|George Cole|Michael Gambon|Kathy Staff|Glenn Close|Michael Sheen|Bronagh Gallagher|Linda Bassett|Henry Goodman|Ciarán Hinds|Sasha Hanau|Moya Brady|Emma Griffiths Malin|David Ross,Valerie Martin,108.0,"$47,000,000",housemaid|servant|laboratory|butler
91,93,Eddie Murphy|Angela Bassett|Allen Payne|Kadeem Hardison|John Witherspoon|Zakes Mokae|Joanna Cassidy|Simbi Kali|Messiri Freeman|Kelly Cinnante|Jsu Garcia|W. Earl Brown|Ayo Adeyemi|Troy Curvey Jr.|Vickilyn Reynolds,Eddie Murphy,100.0,"$20,000,000",vampire|yellow eyes|african american|brooklyn new york city
92,94,Matt Dillon|Noah Emmerich|Annabeth Gish|Lauren Holly|Timothy Hutton|Rosie O'Donnell|Max Perlich|Martha Plimpton|Natalie Portman|Michael Rapaport|Mira Sorvino|Uma Thurman|Pruitt Taylor Vince|Anne Bobby|Richard Bright,Scott Rosenberg,112.0,,cheating wife|skank|loves knows no age boundaries|bangs
93,95,John Travolta|Christian Slater|Samantha Mathis|Delroy Lindo|Bob Gunton|Frank Whaley|Howie Long|Vondie Curtis-Hall|Jack Thompson|Vyto Ruginis|Ousaun Elam|Shaun Toub|Casey Biggs|Jeffrey Stephan|Joey Box,Graham Yost,108.0,"$50,000,000",male male relationship|good versus evil|evil man|villain
94,96,Richard Briers|Hetta Charnley|Joan Collins|Nicholas Farrell|Mark Hadfield|Gerard Horan|Celia Imrie|Michael Maloney|Jennifer Saunders|Julia Sawalha|John Sessions|Ann Davies|James D. White|Robert Hines|Allie Byrne,Kenneth Branagh,99.0,,christmas|actor|play|british renaissance
95,97,Vincent Cassel|Hubert Koundé|Saïd Taghmaoui|Abdel Ahmed Ghili|Solo|Joseph Momo|Héloïse Rauth|Rywka Wajsbrot|Olga Abrego|Laurent Labasse|Choukri Gabteni|Nabil Ben Mhamed|Benoît Magimel|Médard Niang|Arash Mansour,Mathieu Kassovitz,98.0,"EUR2,590,000",police|arab|gun|ghetto
96,98,Sadie Frost|Jude Law|Sean Pertwee|Fraser James|Sean Bean|Marianne Faithfull|Jonathan Pryce|Daniel Newman|Lee Whitlock|Ralph Ineson|Eamonn Walker|Jason Isaacs|Chris Constantinou|Tilly Vosburgh|Melanie Hill,Paul W.S. Anderson,105.0,,shopping|shop|shopping mall|stealing
97,99,Nick Broomfield|Nina Xining Zuo|Madam Alex|Corinne Bohrer|Mike Brambles|Cookie|Elisa Fleiss|Heidi Fleiss|Jason Fleiss|Jesse Fleiss|Kim Fleiss|Paul Fleiss|Shannon Fleiss|Gabby|Daryl Gates,Nick Broomfield,106.0,,narration|prostitution
98,100,Al Pacino|John Cusack|Bridget Fonda|Danny Aiello|Martin Landau|David Paymer|Anthony Franciosa|Richard Schiff|Lindsay Duncan|Nestor Serrano|Mel Winkler|Luna Lauren Velez|Chloe Morris|Ian Quinlan|Roberta Peters,Ken Lipper,111.0,"$40,000,000",mayor|dealer|drug dealer|deputy mayor
99,101,Luke Wilson|Owen Wilson|Ned Dowd|Shea Fowler|Haley Miller|Robert Musgrave|Andrew Wilson|Brian Tenenbaum|Jenni Tooley|Temple Nash|Dipak Pallana|Darryl Cox|Stephen Dignan|Lumi Cavazos|Julie Mayfield,Owen Wilson,91.0,"$7,000,000",texas|caper|dark comedy|motel
