,tagId,tag
0,1,007
1,2,007 (series)
2,3,18th century
3,4,1920s
4,5,1930s
5,6,1950s
6,7,1960s
7,8,1970s
8,9,1980s
9,10,19th century
10,11,3d
11,12,70mm
12,13,80s
13,14,9/11
14,15,aardman
15,16,aardman studios
16,17,abortion
17,18,absurd
18,19,action
19,20,action packed
20,21,adaptation
21,22,adapted from:book
22,23,adapted from:comic
23,24,adapted from:game
24,25,addiction
25,26,adolescence
26,27,adoption
27,28,adultery
28,29,adventure
29,30,affectionate
30,31,afi 100
31,32,afi 100 (laughs)
32,33,afi 100 (movie quotes)
33,34,africa
34,35,afterlife
35,36,aging
36,37,aids
37,38,airplane
38,39,airport
39,40,alaska
40,41,alcatraz
41,42,alcoholism
42,43,alien
43,44,alien invasion
44,45,aliens
45,46,allegory
46,47,almodovar
47,48,alone in the world
48,49,alter ego
49,50,alternate endings
50,51,alternate history
51,52,alternate reality
52,53,alternate universe
53,54,amazing cinematography
54,55,amazing photography
55,56,american civil war
56,57,amnesia
57,58,amy smart
58,59,android(s)/cyborg(s)
59,60,androids
60,61,animal movie
61,62,animals
62,63,animated
63,64,animation
64,65,anime
65,66,antarctica
66,67,anti-hero
67,68,anti-semitism
68,69,anti-war
69,70,apocalypse
70,71,archaeology
71,72,argentina
72,73,arms dealer
73,74,arnold
74,75,art
75,76,art house
76,77,artificial intelligence
77,78,artist
78,79,artistic
79,80,artsy
80,81,assassin
81,82,assassination
82,83,assassins
83,84,astronauts
84,85,atheism
85,86,atmospheric
86,87,australia
87,88,australian
88,89,author:alan moore
89,90,author:neil gaiman
90,91,autism
91,92,aviation
92,93,awesome
93,94,awesome soundtrack
94,95,awful
95,96,bad
96,97,bad acting
97,98,bad cgi
98,99,bad ending
99,100,bad plot
